AddType text/html .shtml .shtm .htm .html
AddHandler server-parsed .shtml .shtm .htm .html

RewriteEngine On 
RewriteCond %{SERVER_PORT} 80
RewriteCond %{HTTP_HOST} ^(www\.)?craftmarkhomes\.com
RewriteCond %{REQUEST_URI} !^/\.well-known/cpanel-dcv/[0-9a-zA-Z_-]+$
RewriteCond %{REQUEST_URI} !^/\.well-known/pki-validation/(?:\ Ballot169)?
RewriteCond %{REQUEST_URI} !^/\.well-known/pki-validation/[A-F0-9]{32}\.txt(?:\ Comodo\ DCV)?$
RewriteRule ^(.*)$ https://www.craftmarkhomes.com/$1 [R,L]

# Canonical https/www
# <IfModule mod_rewrite.c>
#     RewriteCond %{HTTPS} off [OR]
#     RewriteCond %{HTTP_HOST} !^www\. [NC]
#     RewriteCond %{HTTP_HOST} ^(.*)$  [NC]
#     RewriteRule (.*) https://www.%1/$1 [R=301,L]
# </IfModule>

RedirectMatch 301 ^/CrookedCreek https://www.craftmarkhomes.com/
RedirectMatch 301 ^/StonewallManor https://www.craftmarkhomes.com/
RedirectMatch 301 ^/LeamanFarm https://www.craftmarkhomes.com/
RedirectMatch 301 ^/CanbyEstates https://www.craftmarkhomes.com/

RedirectMatch (?i)^/MontgomeryCounty  /locations/?county=Montgomery%20Co.,%20MD
RedirectMatch (?i)^/montgomerycounty  /locations/?county=Montgomery%20Co.,%20MD
RedirectMatch (?i)^/MontgomeryCo  /locations/?county=Montgomery%20Co.,%20MD
RedirectMatch (?i)^/montgomeryco  /locations/?county=Montgomery%20Co.,%20MD
RedirectMatch (?i)^/MoCo  /locations/?county=Montgomery%20Co.,%20MD
RedirectMatch (?i)^/moco  /locations/?county=Montgomery%20Co.,%20MD

RedirectMatch (?i)^/FairfaxCounty  /locations/?county=Fairfax%20Co.,%20VA
RedirectMatch (?i)^/fairfaxcounty  /locations/?county=Fairfax%20Co.,%20VA
RedirectMatch (?i)^/FairfaxCo  /locations/?county=Fairfax%20Co.,%20VA
RedirectMatch (?i)^/fairfaxco  /locations/?county=Fairfax%20Co.,%20VA
RedirectMatch (?i)^/FFXCo  /locations/?county=Fairfax%20Co.,%20VA
RedirectMatch (?i)^/ffxco  /locations/?county=Fairfax%20Co.,%20VA
RedirectMatch (?i)^/FFX  /locations/?county=Fairfax%20Co.,%20VA
RedirectMatch (?i)^/ffx  /locations/?county=Fairfax%20Co.,%20VA

RedirectMatch (?i)^/burntpinesestates  /communities/burnt-pine-estates/
RedirectMatch (?i)^/burntpine  /communities/burnt-pine-estates/
RedirectMatch (?i)^/burntpines  /communities/burnt-pine-estates/
RedirectMatch (?i)^/BurntPinesEstates  /communities/burnt-pine-estates/
RedirectMatch (?i)^/BurntPine  /communities/burnt-pine-estates/d

RedirectMatch (?i)^/clarksburgtowncenter  /communities/clarksburg-town-center/

RedirectMatch (?i)^/georgiarow  /communities/georgia-row-at-walter-reed/

RedirectMatch (?i)^/matenyhill  /communities/mateny-hill/

RedirectMatch (?i)^/preserve-at-westfields  /communities/preserve-at-westfields/
RedirectMatch (?i)^/preserveatwestfields  /communities/preserve-at-westfields/

RedirectMatch (?i)^/primrose-sf  /communities/primrose-hill-sf/
RedirectMatch (?i)^/primrose-th  /communities/primrose-hill-th/
RedirectMatch (?i)^/primrosehill  /communities/primrose-hill-th/
RedirectMatch (?i)^/Primrosehill  /communities/primrose-hill-th/
RedirectMatch (?i)^/PrimroseHill  /communities/primrose-hill-th/
RedirectMatch (?i)^/primroseHill  /communities/primrose-hill-th/
RedirectMatch (?i)^/primrose-hill  /communities/primrose-hill-th/

RedirectMatch (?i)^/reserveatblackrock  /communities/reserve-at-black-rock/

RedirectMatch (?i)^/southalex  /communities/towns-at-south-alex/

RedirectMatch (?i)^/quickdeliveries/  /quick-move-ins/
RedirectMatch (?i)^/craftmarkgreen/  /craftmark-green/
RedirectMatch (?i)^/communities/clarksburgtowncenter/  /communities/clarksburg-town-center/
RedirectMatch (?i)^/communities/georgiarow/  /communities/georgia-row-at-walter-reed/
RedirectMatch (?i)^/communities/matenyhill/  /communities/mateny-hill/
RedirectMatch (?i)^/communities/primrose-th/  /communities/primrose-hill-th/
RedirectMatch (?i)^/communities/primrose-sf/  /communities/primrose-hill-sf/
RedirectMatch (?i)^/communities/reserveatblackrock/  /communities/reserve-at-black-rock/
RedirectMatch (?i)^/crown  /communities/crown/
RedirectMatch (?i)^/Crown  /communities/crown/

RedirectMatch (?i)^/liberty  /communities/liberty/
RedirectMatch (?i)^/Liberty  /communities/liberty/
RedirectMatch (?i)^/libertybycraftmark  /communities/liberty/
RedirectMatch (?i)^/LibertyByCraftmark  /communities/liberty/

RedirectMatch (?i)^/fillmoreplace  /communities/fillmore-place-of-west-alexandria/
RedirectMatch (?i)^/FillmorePlace  /communities/fillmore-place-of-west-alexandria/
RedirectMatch (?i)^/fillmoreplaceofwestalexandria  /communities/fillmore-place-of-west-alexandria/
RedirectMatch (?i)^/FillmorePlaceofWestAlexandria  /communities/fillmore-place-of-west-alexandria/

RedirectMatch (?i)^/floorplans/hometypes/  /floorplans/

RedirectMatch (?i)^/FortBelvoir  /locations/?county=Fairfax%20Co.,%20VA
RedirectMatch (?i)^/fortbelvoir  /locations/?county=Fairfax%20Co.,%20VA
RedirectMatch (?i)^/Fort-Belvoir  /locations/?county=Fairfax%20Co.,%20VA
RedirectMatch (?i)^/fort-belvoir  /locations/?county=Fairfax%20Co.,%20VA

RedirectMatch (?i)^/contact-us  /contact

RedirectMatch (?i)^/RetreatAtWestfields  /communities/retreat-at-westfields/
RedirectMatch (?i)^/retreatatwestfields  /communities/retreat-at-westfields/
RedirectMatch (?i)^/retreat-at-westfields  /communities/retreat-at-westfields/

RedirectMatch (?i)^/CabinBranch  /communities/cabin-branch/
RedirectMatch (?i)^/cabinbranch  /communities/cabin-branch/
RedirectMatch (?i)^/Cabin-Branch  /communities/cabin-branch/
RedirectMatch (?i)^/cabin-branch  /communities/cabin-branch/
RedirectMatch (?i)^/VillageAtCabinBranch  /communities/cabin-branch/
RedirectMatch (?i)^/Village-At-Cabin-Branch  /communities/cabin-branch/
RedirectMatch (?i)^/villageatcabinbranch  /communities/cabin-branch/
RedirectMatch (?i)^/village-at-cabin-branch  /communities/cabin-branch/
RedirectMatch (?i)^/TheVillageAtCabinBranch  /communities/cabin-branch/
RedirectMatch (?i)^/The-Village-At-Cabin-Branch  /communities/cabin-branch/
RedirectMatch (?i)^/thevillageatcabinbranch  /communities/cabin-branch/
RedirectMatch (?i)^/the-village-at-cabin-branch  /communities/cabin-branch/


RedirectMatch (?i)^/DarnesTownStation  /communities/darnestown-station/
RedirectMatch (?i)^/darnestownstation  /communities/darnestown-station/
RedirectMatch (?i)^/Darnes-Town-Station  /communities/darnestown-station/
RedirectMatch (?i)^/darnes-town-station  /communities/darnestown-station/

RedirectMatch (?i)^/WellSpring  /communities/watershed/
RedirectMatch (?i)^/wellspring  /communities/watershed/
RedirectMatch (?i)^/Well-Spring  /communities/watershed/
RedirectMatch (?i)^/well-spring  /communities/watershed/
RedirectMatch (?i)^/Watershed  /communities/watershed/
RedirectMatch (?i)^/watershed  /communities/watershed/

Redirect 301 "/rainwater" "/communities/rainwater-run"
Redirect 301 "/rainwaterrun" "/communities/rainwater-run"
Redirect 301 "/Rainwater" "/communities/rainwater-run"
Redirect 301 "/Rainwaterrun" "/communities/rainwater-run"
Redirect 301 "/RainwaterRun" "/communities/rainwater-run"
Redirect 301 "/RainWater" "/communities/rainwater-run"
Redirect 301 "/RainWaterrun" "/communities/rainwater-run"
Redirect 301 "/RainWaterRun" "/communities/rainwater-run"
Redirect 301 "/communities/rainwater" "/communities/rainwater-run"
Redirect 301 "/communities/rainwaterrun" "/communities/rainwater-run"

